id,data_ora,email_cliente,id_esercizio,nome_esercizio,carico_kg,feedback,created_at,ripetizioni,serie,sets_json,rpe_json
7,2026-08-12 08:06:40.539946+00,firenzepersonaltrainer@gmail.com,18,WALL Mobility Series,,"Difficoltoso, mi sento impacciato ",2026-08-12 08:06:40.539946+00,,,,
8,2026-08-12 08:07:10.155033+00,firenzepersonaltrainer@gmail.com,19,Ground mobility Series,,Sono molto legato,2026-08-12 08:07:10.155033+00,,,,
9,2026-08-12 08:08:11.068606+00,firenzepersonaltrainer@gmail.com,20,Butt Scoots,,Difficile muoversi in quel modo ,2026-08-12 08:08:11.068606+00,30,3,,
10,2026-08-12 08:08:51.963059+00,firenzepersonaltrainer@gmail.com,19,Ground mobility Series,,Meno complesso della precedente ,2026-08-12 08:08:51.963059+00,,,,
11,2026-08-12 08:15:53.918743+00,firenzepersonaltrainer@gmail.com,42,Push the wall squat,,Gambe a pezzi ,2026-08-12 08:15:53.918743+00,12,3,,
12,2026-08-12 08:16:57.023212+00,firenzepersonaltrainer@gmail.com,42,Push the wall squat,,,2026-08-12 08:16:57.023212+00,,,,
13,2026-08-12 08:21:07.078669+00,firenzepersonaltrainer@gmail.com,18,WALL Mobility Series,,,2026-08-12 08:21:07.078669+00,10,,,
14,2026-08-12 08:21:29.093482+00,firenzepersonaltrainer@gmail.com,26,Digonal Band Deadlift,,Elastico giallo,2026-08-12 08:21:29.093482+00,12,3,,
15,2026-08-12 08:22:13.743464+00,firenzepersonaltrainer@gmail.com,40,Screwdriver (bastone),,Impacciato ,2026-08-12 08:22:13.743464+00,20,5,,
16,2026-08-12 08:22:59.209572+00,firenzepersonaltrainer@gmail.com,92,Bicycle Crunches,,"Addome brucia, molto stanco",2026-08-12 08:22:59.209572+00,20,4,,
17,2026-08-12 08:50:31.671162+00,firenzepersonaltrainer@gmail.com,43,Pounce squat,5,,2026-08-12 08:50:31.671162+00,10,3,,
18,2026-08-12 08:54:51.439627+00,firenzepersonaltrainer@gmail.com,19,Ground mobility Series ,,Migliorata sensazione ,2026-08-12 08:54:51.439627+00,15,,,
19,2026-08-12 08:56:33.781181+00,firenzepersonaltrainer@gmail.com,36,Coiled Blade Position,5,Da imparare per bene,2026-08-12 08:56:33.781181+00,10,3,,
20,2026-08-12 08:57:02.629182+00,firenzepersonaltrainer@gmail.com,92,Bicycle Crunches,,Molto affaticamento su ogni serie ,2026-08-12 08:57:02.629182+00,30,3,,
21,2026-08-12 08:58:55.744335+00,firenzepersonaltrainer@gmail.com,169,Kettlebell Swing BASIC,,,2026-08-12 08:58:55.744335+00,10,3,,
22,2026-08-12 08:59:26.750904+00,firenzepersonaltrainer@gmail.com,44,Coiled Reverse Lunge,8,,2026-08-12 08:59:26.750904+00,10,3,,
23,2026-08-12 10:44:43.219174+00,firenzepersonaltrainer@gmail.com,50,Split Jerk,15,Buona esec ,2026-08-12 10:44:43.219174+00,6,3,,
24,2026-08-12 10:48:23.761519+00,firenzepersonaltrainer@gmail.com,49,Step/Step back press,20,Coordinazione difficoltosa,2026-08-12 10:48:23.761519+00,10,3,,
25,2026-08-12 10:49:31.122473+00,firenzepersonaltrainer@gmail.com,10,Run,,Non sono riu a.comlletare le ripetute ,2026-08-12 10:49:31.122473+00,,,,
26,2026-08-12 18:02:03.335613+00,firenzepersonaltrainer@gmail.com,55,Hang Position ISO,15,,2026-08-12 18:02:03.335613+00,1,2,,
27,2026-08-12 18:05:19.210978+00,firenzepersonaltrainer@gmail.com,79,Bench press,40,Potevo fare molto di più ,2026-08-12 18:05:19.210978+00,8,3,,
28,2026-08-25 05:16:50.054397+00,firenzepersonaltrainer@gmail.com,67,High Pull to Step back press,,,2026-08-25 05:16:50.054397+00,,,"[{""carico_kg"":5,""ripetizioni"":8},{""carico_kg"":7,""ripetizioni"":8},{""carico_kg"":7,""ripetizioni"":7}]",
29,2026-08-25 05:48:55.376979+00,firenzepersonaltrainer@gmail.com,69,Split Snatch,,Tecnica da costruire ancora per bene,2026-08-25 05:48:55.376979+00,,,"[{""carico_kg"":5,""ripetizioni"":6},{""carico_kg"":8,""ripetizioni"":6},{""carico_kg"":10,""ripetizioni"":7}]",
30,2026-08-25 05:55:30.06268+00,firenzepersonaltrainer@gmail.com,218,Landmine Jerk,,,2026-08-25 05:55:30.06268+00,,,"[{""carico_kg"":8,""ripetizioni"":15},{""carico_kg"":8,""ripetizioni"":14},{""carico_kg"":7,""ripetizioni"":14}]",
31,2026-08-25 05:56:15.394385+00,firenzepersonaltrainer@gmail.com,221,Half kneeling snatch,,,2026-08-25 05:56:15.394385+00,,,"[{""carico_kg"":5,""ripetizioni"":5},{""carico_kg"":6,""ripetizioni"":6},{""carico_kg"":9,""ripetizioni"":5}]",
32,2026-08-25 14:23:37.755607+00,firenzepersonaltrainer@gmail.com,56,Landmine coiled Deadlift,,solo l'ultima serie davvero intensa,2026-08-25 14:23:37.755607+00,,,"[{""rpe"":""7,8"",""carico_kg"":20,""ripetizioni"":6},{""rpe"":""8,2"",""carico_kg"":20,""ripetizioni"":6},{""rpe"":""9,5"",""carico_kg"":20,""ripetizioni"":6}]","[""7,8"",""8,2"",""9,5""]"
33,2026-08-31 06:17:40.786939+00,firenzepersonaltrainer@gmail.com,56,Landmine coiled Deadlift,,,2026-08-31 06:17:40.786939+00,,,"[{""rpe"":""4"",""carico_kg"":20,""ripetizioni"":6}]","[""4""]"
34,2026-08-31 06:20:41.744689+00,firenzepersonaltrainer@gmail.com,56,Landmine coiled Deadlift,,"Noni allenavo da mesi, quindi fatica sistemica e locale sensibile, ma il carico era cmqe basso",2026-08-31 06:20:41.744689+00,,,"[{""rpe"":""4"",""carico_kg"":20,""ripetizioni"":6}]","[""4""]"
35,2026-08-31 06:23:18.046179+00,firenzepersonaltrainer@gmail.com,56,Landmine coiled Deadlift,,Iniziato a sentire forte contrattura muscolare nelle ultime rep sul polpaccio sx,2026-08-31 06:23:18.046179+00,,,"[{""rpe"":""4"",""carico_kg"":20,""ripetizioni"":6}]","[""4""]"
36,2026-08-31 06:26:20.548834+00,firenzepersonaltrainer@gmail.com,43,Pounce squat,,Primo allenamento dopo mesi di stop,2026-08-31 06:26:20.548834+00,,,"[{""rpe"":""6"",""carico_kg"":20,""ripetizioni"":8}]","[""6""]"
37,2026-08-31 06:28:44.34623+00,firenzepersonaltrainer@gmail.com,43,Pounce squat,,,2026-08-31 06:28:44.34623+00,,,"[{""rpe"":""5"",""carico_kg"":20,""ripetizioni"":8}]","[""5""]"
38,2026-08-31 06:30:26.28111+00,firenzepersonaltrainer@gmail.com,43,Pounce squat,,,2026-08-31 06:30:26.28111+00,,,"[{""rpe"":""6"",""carico_kg"":20,""ripetizioni"":8}]","[""6""]"
39,2026-08-31 06:33:51.379811+00,firenzepersonaltrainer@gmail.com,82,Landmine Biker's Squat,,Alternati,2026-08-31 06:33:51.379811+00,,,"[{""rpe"":""6"",""carico_kg"":10,""ripetizioni"":10}]","[""6""]"
40,2026-08-31 06:35:08.246236+00,firenzepersonaltrainer@gmail.com,81,Meadow Row,,,2026-08-31 06:35:08.246236+00,,,"[{""rpe"":""6"",""carico_kg"":10,""ripetizioni"":10}]","[""6""]"
41,2026-08-31 06:36:54.456549+00,firenzepersonaltrainer@gmail.com,82,Landmine Biker's Squat,,Alternati ,2026-08-31 06:36:54.456549+00,,,"[{""rpe"":""7,5"",""carico_kg"":5,""ripetizioni"":10}]","[""7,5""]"
42,2026-08-31 06:38:18.965832+00,firenzepersonaltrainer@gmail.com,81,Meadow Row,,,2026-08-31 06:38:18.965832+00,,,"[{""rpe"":""7"",""carico_kg"":5,""ripetizioni"":10}]","[""7""]"
43,2026-08-31 06:40:14.896561+00,firenzepersonaltrainer@gmail.com,82,Landmine Biker's Squat,,"Gambe a pezzi, primo allenamento dopo mesi di fermo. Mitocondri assenti ",2026-08-31 06:40:14.896561+00,,,"[{""rpe"":""9"",""carico_kg"":5,""ripetizioni"":10}]","[""9""]"
44,2026-08-31 06:41:24.90287+00,firenzepersonaltrainer@gmail.com,81,Meadow Row,,Gambe a pezzi per fermo di mesi. Mitocondri assenti ,2026-08-31 06:41:24.90287+00,,,"[{""rpe"":""9"",""carico_kg"":5,""ripetizioni"":10}]","[""9""]"
45,2026-08-31 06:46:15.62638+00,firenzepersonaltrainer@gmail.com,69,Split Snatch,,,2026-08-31 06:46:15.62638+00,,,"[{""rpe"":""6"",""carico_kg"":5,""ripetizioni"":5}]","[""6""]"
46,2026-08-31 06:47:45.833946+00,firenzepersonaltrainer@gmail.com,170,Coiled Kettlebell Swing,,,2026-08-31 06:47:45.833946+00,,,"[{""rpe"":""4"",""carico_kg"":16,""ripetizioni"":15}]","[""4""]"
47,2026-08-31 06:48:51.172253+00,firenzepersonaltrainer@gmail.com,100,Speed skater touch,,,2026-08-31 06:48:51.172253+00,,,"[{""rpe"":""10"",""carico_kg"":0,""ripetizioni"":15}]","[""10""]"
48,2026-09-02 11:22:21.489546+00,firenzepersonaltrainer@gmail.com,46,Split Switch Screwdriver,,Warm up,2026-09-02 11:22:21.489546+00,,,"[{""rpe"":""1"",""carico_kg"":5,""ripetizioni"":30}]","[""1""]"
49,2026-09-02 11:35:04.548836+00,firenzepersonaltrainer@gmail.com,59,Split Clean and Jerk,,,2026-09-02 11:35:04.548836+00,,,"[{""rpe"":""6"",""carico_kg"":5,""ripetizioni"":6}]","[""6""]"
50,2026-09-02 11:36:28.776442+00,firenzepersonaltrainer@gmail.com,45,Landmine rotational Lunges,,Rep alternate ,2026-09-02 11:36:28.776442+00,,,"[{""rpe"":""6"",""carico_kg"":5,""ripetizioni"":8}]","[""6""]"
51,2026-09-02 11:37:34.178165+00,firenzepersonaltrainer@gmail.com,59,Split Clean and Jerk,,,2026-09-02 11:37:34.178165+00,,,"[{""rpe"":""6"",""carico_kg"":10,""ripetizioni"":6}]","[""6""]"
52,2026-09-02 11:40:25.688+00,firenzepersonaltrainer@gmail.com,45,Landmine rotational Lunges,,Alternati ,2026-09-02 11:40:25.688+00,,,"[{""rpe"":""6"",""carico_kg"":10,""ripetizioni"":8}]","[""6""]"
53,2026-09-02 11:41:48.048896+00,firenzepersonaltrainer@gmail.com,59,Split Clean and Jerk,,,2026-09-02 11:41:48.048896+00,,,"[{""rpe"":""6"",""carico_kg"":10,""ripetizioni"":6}]","[""6""]"
54,2026-09-02 11:44:51.606554+00,firenzepersonaltrainer@gmail.com,45,Landmine rotational Lunges,,Alternati. Rep 8 sistemico non localizzato. Secondo allenamento dopo mesi di stop,2026-09-02 11:44:51.606554+00,,,"[{""rpe"":""7"",""carico_kg"":10,""ripetizioni"":8}]","[""7""]"
55,2026-09-02 11:50:00.46191+00,firenzepersonaltrainer@gmail.com,230,kettlebell clean and press,,,2026-09-02 11:50:00.46191+00,,,"[{""rpe"":""5"",""carico_kg"":16,""ripetizioni"":6}]","[""5""]"
56,2026-09-02 11:51:45.745804+00,firenzepersonaltrainer@gmail.com,44,Coiled Reverse Lunge,,,2026-09-02 11:51:45.745804+00,,,"[{""rpe"":""5"",""carico_kg"":10,""ripetizioni"":8}]","[""5""]"
57,2026-09-02 11:55:49.063484+00,firenzepersonaltrainer@gmail.com,230,kettlebell clean and press,,,2026-09-02 11:55:49.063484+00,,,"[{""rpe"":""6"",""carico_kg"":16,""ripetizioni"":6}]","[""6""]"
58,2026-09-02 11:56:48.635683+00,firenzepersonaltrainer@gmail.com,44,Coiled Reverse Lunge,,,2026-09-02 11:56:48.635683+00,,,"[{""rpe"":""5"",""carico_kg"":10,""ripetizioni"":6}]","[""5""]"
59,2026-09-02 16:17:02.890111+00,daniele.casci@gmail.com,81,Meadow Row,,"Sx dolore
",2026-09-02 16:17:02.890111+00,,,"[{""rpe"":""6"",""carico_kg"":25,""ripetizioni"":6}]","[""6""]"
60,2026-09-04 05:10:40.050905+00,firenzepersonaltrainer@gmail.com,56,Landmine coiled Deadlift,,,2026-09-04 05:10:40.050905+00,,,"[{""rpe"":""6"",""carico_kg"":25,""ripetizioni"":6}]","[""6""]"
61,2026-09-04 05:17:30.285658+00,firenzepersonaltrainer@gmail.com,43,Pounce squat,,,2026-09-04 05:17:30.285658+00,,,"[{""rpe"":""4"",""carico_kg"":28,""ripetizioni"":8}]","[""4""]"
62,2026-09-04 05:27:56.242828+00,firenzepersonaltrainer@gmail.com,82,Landmine Biker's Squat,,Reps alternate ,2026-09-04 05:27:56.242828+00,,,"[{""rpe"":""4"",""carico_kg"":5,""ripetizioni"":10}]","[""4""]"
63,2026-09-04 05:30:33.923965+00,firenzepersonaltrainer@gmail.com,81,Meadow Row,,Mi tengo praticamente in capillarizzazione poiché è solo il secondo allenamento dopo mesi,2026-09-04 05:30:33.923965+00,,,"[{""rpe"":""1"",""carico_kg"":5,""ripetizioni"":10}]","[""1""]"
64,2026-09-04 05:45:35.664303+00,firenzepersonaltrainer@gmail.com,69,Split Snatch,,Capillarizzazione e riattivazione coordinativa ,2026-09-04 05:45:35.664303+00,,,"[{""rpe"":""2"",""carico_kg"":5,""ripetizioni"":8}]","[""2""]"
65,2026-09-04 05:46:29.325083+00,firenzepersonaltrainer@gmail.com,170,Coiled Kettlebell Swing,,,2026-09-04 05:46:29.325083+00,,,"[{""rpe"":""3"",""carico_kg"":16,""ripetizioni"":16}]","[""3""]"
66,2026-09-04 05:46:52.092088+00,firenzepersonaltrainer@gmail.com,100,Speed skater touch,,,2026-09-04 05:46:52.092088+00,,,"[{""rpe"":""7"",""carico_kg"":0,""ripetizioni"":12}]","[""7""]"
67,2026-09-04 09:40:39.307219+00,pantanella@gmail.com,56,Landmine coiled Deadlift,,,2026-09-04 09:40:39.307219+00,,,"[{""rpe"":null,""carico_kg"":30,""ripetizioni"":6},{""rpe"":null,""carico_kg"":30,""ripetizioni"":6},{""rpe"":null,""carico_kg"":30,""ripetizioni"":6}]",
68,2026-09-04 09:55:19.919046+00,pantanella@gmail.com,43,Pounce squat,,,2026-09-04 09:55:19.919046+00,,,"[{""rpe"":null,""carico_kg"":20,""ripetizioni"":8},{""rpe"":null,""carico_kg"":20,""ripetizioni"":8},{""rpe"":null,""carico_kg"":20,""ripetizioni"":8},{""rpe"":null,""carico_kg"":20,""ripetizioni"":8}]",
69,2026-09-04 10:04:36.671036+00,pantanella@gmail.com,82,Landmine Biker's Squat,,,2026-09-04 10:04:36.671036+00,,,"[{""rpe"":null,""carico_kg"":10,""ripetizioni"":10},{""rpe"":null,""carico_kg"":10,""ripetizioni"":10},{""rpe"":null,""carico_kg"":10,""ripetizioni"":10}]",
70,2026-09-04 10:05:05.628819+00,pantanella@gmail.com,81,Meadow Row,,,2026-09-04 10:05:05.628819+00,,,"[{""rpe"":null,""carico_kg"":10,""ripetizioni"":10},{""rpe"":null,""carico_kg"":10,""ripetizioni"":10},{""rpe"":null,""carico_kg"":10,""ripetizioni"":10}]",
71,2026-09-04 16:12:43.678681+00,daniele.casci@gmail.com,44,Coiled Reverse Lunge,,,2026-09-04 16:12:43.678681+00,,,"[{""rpe"":""8"",""carico_kg"":10,""ripetizioni"":5},{""rpe"":""6"",""carico_kg"":15,""ripetizioni"":5},{""rpe"":""4"",""carico_kg"":20,""ripetizioni"":5},{""rpe"":""1"",""carico_kg"":25,""ripetizioni"":5}]","[""8"",""6"",""4"",""1""]"
72,2026-09-07 07:49:27.487012+00,pantanella@gmail.com,59,Split Clean and Jerk,,,2026-09-07 07:49:27.487012+00,,,"[{""rpe"":null,""carico_kg"":20,""ripetizioni"":6},{""rpe"":null,""carico_kg"":30,""ripetizioni"":6},{""rpe"":null,""carico_kg"":30,""ripetizioni"":6}]",
73,2026-09-07 07:49:44.433177+00,pantanella@gmail.com,45,Landmine rotational Lunges,,,2026-09-07 07:49:44.433177+00,,,"[{""rpe"":null,""carico_kg"":20,""ripetizioni"":8},{""rpe"":null,""carico_kg"":30,""ripetizioni"":8},{""rpe"":null,""carico_kg"":30,""ripetizioni"":8}]",
74,2026-09-07 08:05:47.021779+00,pantanella@gmail.com,230,kettlebell clean and press,,,2026-09-07 08:05:47.021779+00,,,"[{""rpe"":null,""carico_kg"":10,""ripetizioni"":6},{""rpe"":null,""carico_kg"":10,""ripetizioni"":6},{""rpe"":null,""carico_kg"":10,""ripetizioni"":6}]",
75,2026-09-07 09:05:01.434945+00,vally1069@gmail.com,81,Meadow Row,,,2026-09-07 09:05:01.434945+00,,,"[{""rpe"":""8"",""carico_kg"":8,""ripetizioni"":6}]","[""8""]"
76,2026-09-09 04:36:53.664008+00,firenzepersonaltrainer@gmail.com,79,Bench press,,,2026-09-09 04:36:53.664008+00,,,"[{""rpe"":""3"",""carico_kg"":40,""ripetizioni"":8},{""rpe"":""4"",""carico_kg"":50,""ripetizioni"":8},{""rpe"":""3"",""carico_kg"":50,""ripetizioni"":6},{""rpe"":""7"",""carico_kg"":60,""ripetizioni"":6}]","[""3"",""4"",""3"",""7""]"
77,2026-09-09 04:41:37.623939+00,firenzepersonaltrainer@gmail.com,81,Meadow Row,,,2026-09-09 04:41:37.623939+00,,,"[{""rpe"":""1"",""carico_kg"":10,""ripetizioni"":8}]","[""1""]"
78,2026-09-09 04:42:58.198299+00,firenzepersonaltrainer@gmail.com,82,Landmine Biker's Squat,,Monolaterale ,2026-09-09 04:42:58.198299+00,,,"[{""rpe"":""3"",""carico_kg"":10,""ripetizioni"":8}]","[""3""]"
79,2026-09-09 07:46:05.155782+00,pantanella@gmail.com,56,Landmine coiled Deadlift,,,2026-09-09 07:46:05.155782+00,,,"[{""rpe"":null,""carico_kg"":30,""ripetizioni"":6},{""rpe"":null,""carico_kg"":35,""ripetizioni"":6},{""rpe"":null,""carico_kg"":35,""ripetizioni"":6}]",
80,2026-09-09 07:58:30.679993+00,pantanella@gmail.com,43,Pounce squat,,Left leg was too behind compare to right,2026-09-09 07:58:30.679993+00,,,"[{""rpe"":""6.5"",""carico_kg"":30,""ripetizioni"":8},{""rpe"":""7.5"",""carico_kg"":35,""ripetizioni"":8},{""rpe"":""8"",""carico_kg"":35,""ripetizioni"":8},{""rpe"":""8"",""carico_kg"":35,""ripetizioni"":8}]","[""6.5"",""7.5"",""8"",""8""]"
81,2026-09-09 08:07:50.593161+00,pantanella@gmail.com,81,Meadow Row,,,2026-09-09 08:07:50.593161+00,,,"[{""rpe"":null,""carico_kg"":15,""ripetizioni"":10},{""rpe"":null,""carico_kg"":15,""ripetizioni"":10},{""rpe"":null,""carico_kg"":15,""ripetizioni"":10}]",
82,2026-09-09 16:12:24.33335+00,daniele.casci@gmail.com,80,Coiled Bench Row,,,2026-09-09 16:12:24.33335+00,,,"[{""rpe"":""5"",""carico_kg"":15,""ripetizioni"":10}]","[""5""]"
83,2026-09-11 04:39:48.003446+00,firenzepersonaltrainer@gmail.com,53,Split C&J Touch & Go,,,2026-09-11 04:39:48.003446+00,,,"[{""rpe"":""3"",""carico_kg"":5,""ripetizioni"":6},{""rpe"":""3"",""carico_kg"":5,""ripetizioni"":6}]","[""3"",""3""]"
84,2026-09-11 04:40:16.917043+00,firenzepersonaltrainer@gmail.com,76,Push the wall row,,,2026-09-11 04:40:16.917043+00,,,"[{""rpe"":""4"",""carico_kg"":17.5,""ripetizioni"":10}]","[""4""]"
85,2026-09-11 04:42:34.527227+00,firenzepersonaltrainer@gmail.com,53,Split C&J Touch & Go,,,2026-09-11 04:42:34.527227+00,,,"[{""rpe"":""6"",""carico_kg"":10,""ripetizioni"":6}]","[""6""]"
86,2026-09-11 04:44:28.121461+00,firenzepersonaltrainer@gmail.com,76,Push the wall row,,,2026-09-11 04:44:28.121461+00,,,"[{""rpe"":""4"",""carico_kg"":20,""ripetizioni"":8}]","[""4""]"
87,2026-09-11 04:49:47.371256+00,firenzepersonaltrainer@gmail.com,44,Coiled Reverse Lunge,,,2026-09-11 04:49:47.371256+00,,,"[{""rpe"":""5"",""carico_kg"":10,""ripetizioni"":8}]","[""5""]"
88,2026-09-11 07:48:02.076086+00,pantanella@gmail.com,59,Split Clean and Jerk,,,2026-09-11 07:48:02.076086+00,,,"[{""rpe"":""8.5"",""carico_kg"":20,""ripetizioni"":6},{""rpe"":""8.5"",""carico_kg"":20,""ripetizioni"":6},{""rpe"":""9"",""carico_kg"":15,""ripetizioni"":6}]","[""8.5"",""8.5"",""9""]"
89,2026-09-11 07:53:06.839198+00,pantanella@gmail.com,45,Landmine rotational Lunges,,,2026-09-11 07:53:06.839198+00,,,"[{""rpe"":""6"",""carico_kg"":20,""ripetizioni"":8},{""rpe"":""7"",""carico_kg"":30,""ripetizioni"":8},{""rpe"":""7"",""carico_kg"":30,""ripetizioni"":8}]","[""6"",""7"",""7""]"
90,2026-09-11 08:06:30.311568+00,pantanella@gmail.com,230,kettlebell clean and press,,I’m tired today,2026-09-11 08:06:30.311568+00,,,"[{""rpe"":null,""carico_kg"":14,""ripetizioni"":6},{""rpe"":null,""carico_kg"":14,""ripetizioni"":6}]",
91,2026-09-11 08:06:47.344024+00,pantanella@gmail.com,44,Coiled Reverse Lunge,,I’m tired today,2026-09-11 08:06:47.344024+00,,,"[{""rpe"":null,""carico_kg"":20,""ripetizioni"":6},{""rpe"":null,""carico_kg"":20,""ripetizioni"":6}]",
92,2026-09-11 16:01:09.362627+00,daniele.casci@gmail.com,50,Split Jerk,,,2026-09-11 16:01:09.362627+00,,,"[{""rpe"":""1"",""carico_kg"":10,""ripetizioni"":5},{""rpe"":""2"",""carico_kg"":15,""ripetizioni"":5},{""rpe"":""4"",""carico_kg"":20,""ripetizioni"":5},{""rpe"":""7"",""carico_kg"":25,""ripetizioni"":5}]","[""1"",""2"",""4"",""7""]"
93,2026-09-14 09:32:14.277565+00,pantanella@gmail.com,56,Landmine coiled Deadlift,,,2026-09-14 09:32:14.277565+00,,,"[{""rpe"":""7"",""carico_kg"":35,""ripetizioni"":6},{""rpe"":""7"",""carico_kg"":40,""ripetizioni"":6},{""rpe"":""8"",""carico_kg"":46,""ripetizioni"":6}]","[""7"",""7"",""8""]"
94,2026-09-14 09:41:25.040801+00,pantanella@gmail.com,43,Pounce squat,,,2026-09-14 09:41:25.040801+00,,,"[{""rpe"":""7.5"",""carico_kg"":35,""ripetizioni"":8},{""rpe"":""7.5"",""carico_kg"":40,""ripetizioni"":8},{""rpe"":""8"",""carico_kg"":45,""ripetizioni"":8},{""rpe"":""8"",""carico_kg"":45,""ripetizioni"":8}]","[""7.5"",""7.5"",""8"",""8""]"
95,2026-09-16 04:58:18.283414+00,firenzepersonaltrainer@gmail.com,79,Bench press,,,2026-09-16 04:58:18.283414+00,,,"[{""rpe"":""6"",""carico_kg"":60,""ripetizioni"":8},{""rpe"":""6"",""carico_kg"":60,""ripetizioni"":8},{""rpe"":""7,5"",""carico_kg"":60,""ripetizioni"":8}]","[""6"",""6"",""7,5""]"
96,2026-09-16 05:03:28.565597+00,firenzepersonaltrainer@gmail.com,81,Meadow Row,,,2026-09-16 05:03:28.565597+00,,,"[{""rpe"":""4"",""carico_kg"":15,""ripetizioni"":8}]","[""4""]"
97,2026-09-16 05:04:48.517346+00,firenzepersonaltrainer@gmail.com,82,Landmine Biker's Squat,,,2026-09-16 05:04:48.517346+00,,,"[{""rpe"":""5"",""carico_kg"":15,""ripetizioni"":8}]","[""5""]"
98,2026-09-16 05:07:32.376873+00,firenzepersonaltrainer@gmail.com,81,Meadow Row,,,2026-09-16 05:07:32.376873+00,,,"[{""rpe"":""5"",""carico_kg"":15,""ripetizioni"":8}]","[""5""]"
99,2026-09-16 05:10:31.50988+00,firenzepersonaltrainer@gmail.com,82,Landmine Biker's Squat,,,2026-09-16 05:10:31.50988+00,,,"[{""rpe"":""5"",""carico_kg"":15,""ripetizioni"":8}]","[""5""]"
100,2026-09-16 07:42:28.377916+00,pantanella@gmail.com,45,Landmine rotational Lunges,,,2026-09-16 07:42:28.377916+00,,,"[{""rpe"":""6"",""carico_kg"":25,""ripetizioni"":8},{""rpe"":""8"",""carico_kg"":30,""ripetizioni"":8},{""rpe"":""8"",""carico_kg"":30,""ripetizioni"":8}]","[""6"",""8"",""8""]"
101,2026-09-16 07:49:37.770026+00,pantanella@gmail.com,45,Landmine rotational Lunges,,,2026-09-16 07:49:37.770026+00,,,"[{""rpe"":""1"",""carico_kg"":1,""ripetizioni"":1}]","[""1""]"
102,2026-09-16 07:54:44.317355+00,pantanella@gmail.com,59,Split Clean and Jerk,,,2026-09-16 07:54:44.317355+00,,,"[{""rpe"":""7"",""carico_kg"":15,""ripetizioni"":6},{""rpe"":""8"",""carico_kg"":15,""ripetizioni"":6},{""rpe"":""8"",""carico_kg"":15,""ripetizioni"":6}]","[""7"",""8"",""8""]"
103,2026-09-18 05:17:06.782281+00,firenzepersonaltrainer@gmail.com,79,Bench press,,Mi mantengo ancora conservativo per attenuare doms e per una professione di ricondizionamento corretta,2026-09-18 05:17:06.782281+00,,,"[{""rpe"":""6"",""carico_kg"":60,""ripetizioni"":6},{""rpe"":""7"",""carico_kg"":64,""ripetizioni"":6},{""rpe"":""7,5"",""carico_kg"":64,""ripetizioni"":6}]","[""6"",""7"",""7,5""]"
104,2026-09-18 05:26:01.346348+00,firenzepersonaltrainer@gmail.com,78,pull up Progressioni,,,2026-09-18 05:26:01.346348+00,,,"[{""rpe"":""7,5"",""carico_kg"":12.5,""ripetizioni"":8},{""rpe"":""8"",""carico_kg"":12.5,""ripetizioni"":8}]","[""7,5"",""8""]"
105,2026-09-18 05:31:03.625632+00,firenzepersonaltrainer@gmail.com,80,Coiled Bench Row,,,2026-09-18 05:31:03.625632+00,,,"[{""rpe"":""5"",""carico_kg"":15,""ripetizioni"":8},{""rpe"":""5"",""carico_kg"":15,""ripetizioni"":8},{""rpe"":""5"",""carico_kg"":15,""ripetizioni"":8}]","[""5"",""5"",""5""]"
106,2026-09-18 07:56:03.708054+00,pantanella@gmail.com,79,Bench press,,,2026-09-18 07:56:03.708054+00,,,"[{""rpe"":""6"",""carico_kg"":50,""ripetizioni"":8},{""rpe"":""7"",""carico_kg"":50,""ripetizioni"":8},{""rpe"":""7"",""carico_kg"":50,""ripetizioni"":8}]","[""6"",""7"",""7""]"
107,2026-09-18 16:10:15.932897+00,daniele.casci@gmail.com,43,Pounce squat,,,2026-09-18 16:10:15.932897+00,,,"[{""rpe"":""7"",""carico_kg"":20,""ripetizioni"":8}]","[""7""]"
108,2026-09-18 16:10:43.03121+00,daniele.casci@gmail.com,56,Landmine coiled Deadlift,,,2026-09-18 16:10:43.03121+00,,,"[{""rpe"":""6"",""carico_kg"":30,""ripetizioni"":6}]","[""6""]"
109,2026-09-18 16:26:09.611089+00,daniele.casci@gmail.com,81,Meadow Row,,,2026-09-18 16:26:09.611089+00,,,"[{""rpe"":""7"",""carico_kg"":10,""ripetizioni"":10}]","[""7""]"
110,2026-09-18 16:26:40.466316+00,daniele.casci@gmail.com,81,Meadow Row,,,2026-09-18 16:26:40.466316+00,,,"[{""rpe"":""7"",""carico_kg"":10,""ripetizioni"":10}]","[""7""]"
111,2026-09-18 16:54:56.41035+00,daniele.casci@gmail.com,69,Split Snatch,,,2026-09-18 16:54:56.41035+00,,,"[{""rpe"":""7"",""carico_kg"":10,""ripetizioni"":8}]","[""7""]"
112,2026-09-18 16:56:11.622136+00,daniele.casci@gmail.com,170,Coiled Kettlebell Swing,,,2026-09-18 16:56:11.622136+00,,,"[{""rpe"":""7"",""carico_kg"":14,""ripetizioni"":8}]","[""7""]"
113,2026-09-21 04:23:46.879523+00,firenzepersonaltrainer@gmail.com,218,Landmine Jerk,,,2026-09-21 04:23:46.879523+00,,,"[{""rpe"":""5"",""carico_kg"":20,""ripetizioni"":5}]","[""5""]"
114,2026-09-21 04:24:57.598643+00,firenzepersonaltrainer@gmail.com,82,Landmine Biker's Squat,,Alternato ,2026-09-21 04:24:57.598643+00,,,"[{""rpe"":""5"",""carico_kg"":20,""ripetizioni"":8}]","[""5""]"
115,2026-09-21 04:27:29.596233+00,firenzepersonaltrainer@gmail.com,218,Landmine Jerk,,,2026-09-21 04:27:29.596233+00,,,"[{""rpe"":""4"",""carico_kg"":20,""ripetizioni"":5}]","[""4""]"
116,2026-09-21 04:39:59.508108+00,firenzepersonaltrainer@gmail.com,82,Landmine Biker's Squat,,Alternati ,2026-09-21 04:39:59.508108+00,,,"[{""rpe"":""4"",""carico_kg"":20,""ripetizioni"":8}]","[""4""]"
117,2026-09-21 04:44:29.048107+00,firenzepersonaltrainer@gmail.com,95,Yin yang sit up press,,,2026-09-21 04:44:29.048107+00,,,"[{""rpe"":""7,5"",""carico_kg"":12.5,""ripetizioni"":8}]","[""7,5""]"
118,2026-09-21 15:43:55.755005+00,vally1069@gmail.com,81,Meadow Row,,5 lg,2026-09-21 15:43:55.755005+00,,,"[{""rpe"":""4"",""carico_kg"":2,""ripetizioni"":3}]","[""4""]"
119,2026-09-21 15:44:27.64171+00,vally1069@gmail.com,208,Landmine Plyo Lift NO DOWN,,Nessun carico,2026-09-21 15:44:27.64171+00,,,"[{""rpe"":""0"",""carico_kg"":0,""ripetizioni"":0}]","[""0""]"
120,2026-09-21 16:14:03.707589+00,daniele.casci@gmail.com,44,Coiled Reverse Lunge,,,2026-09-21 16:14:03.707589+00,,,"[{""rpe"":""7"",""carico_kg"":15,""ripetizioni"":8},{""rpe"":""8"",""carico_kg"":15,""ripetizioni"":8},{""rpe"":""8"",""carico_kg"":15,""ripetizioni"":8}]","[""7"",""8"",""8""]"
121,2026-09-21 16:14:59.375507+00,daniele.casci@gmail.com,59,Split Clean and Jerk,,,2026-09-21 16:14:59.375507+00,,,"[{""rpe"":""7"",""carico_kg"":15,""ripetizioni"":6},{""rpe"":""7"",""carico_kg"":15,""ripetizioni"":6},{""rpe"":""8"",""carico_kg"":15,""ripetizioni"":6}]","[""7"",""7"",""8""]"
122,2026-09-23 04:35:36.847711+00,firenzepersonaltrainer@gmail.com,127,COMBO: Landmine clean ALT. SCRD T/GO,,Alternati,2026-09-23 04:35:36.847711+00,,,"[{""rpe"":""6"",""carico_kg"":13,""ripetizioni"":10},{""rpe"":""6"",""carico_kg"":13,""ripetizioni"":10}]","[""6"",""6""]"
123,2026-09-23 04:47:11.200677+00,firenzepersonaltrainer@gmail.com,84,Kneeling Transition over head press,,,2026-09-23 04:47:11.200677+00,,,"[{""rpe"":""7"",""carico_kg"":13,""ripetizioni"":8},{""rpe"":""7"",""carico_kg"":13,""ripetizioni"":8}]","[""7"",""7""]"
124,2026-09-23 07:59:41.054311+00,pantanella@gmail.com,79,Bench press,,,2026-09-23 07:59:41.054311+00,,,"[{""rpe"":""8"",""carico_kg"":60,""ripetizioni"":8},{""rpe"":""8"",""carico_kg"":60,""ripetizioni"":7},{""rpe"":""8"",""carico_kg"":56,""ripetizioni"":8},{""rpe"":""8"",""carico_kg"":56,""ripetizioni"":8}]","[""8"",""8"",""8"",""8""]"
125,2026-09-23 16:07:54.039395+00,daniele.casci@gmail.com,43,Pounce squat,,,2026-09-23 16:07:54.039395+00,,,"[{""rpe"":""7"",""carico_kg"":25,""ripetizioni"":8}]","[""7""]"
126,2026-09-23 16:19:01.287017+00,daniele.casci@gmail.com,82,Landmine Biker's Squat,,,2026-09-23 16:19:01.287017+00,,,"[{""rpe"":""8"",""carico_kg"":15,""ripetizioni"":10}]","[""8""]"
127,2026-09-23 16:19:31.112896+00,daniele.casci@gmail.com,81,Meadow Row,,,2026-09-23 16:19:31.112896+00,,,"[{""rpe"":""7"",""carico_kg"":15,""ripetizioni"":10}]","[""7""]"
128,2026-09-23 16:46:01.551209+00,tebog1887@gmail.com,079,Bench press,,Molta differenza percepita tra 20 kg e 24 kg,2026-09-23 16:46:01.551209+00,,,"[{""rpe"":""3"",""carico_kg"":20,""ripetizioni"":8},{""rpe"":""4"",""carico_kg"":24,""ripetizioni"":8},{""rpe"":""6"",""carico_kg"":28,""ripetizioni"":8}]","[""3"",""4"",""6""]"
129,2026-09-25 15:38:38.383009+00,vally1069@gmail.com,80,Coiled Bench Row,,10 kg,2026-09-25 15:38:38.383009+00,,,"[{""rpe"":""10"",""carico_kg"":7.5,""ripetizioni"":10}]","[""10""]"
130,2026-09-28 16:44:22.431211+00,tebog1887@gmail.com,067,High Pull to Step back press,,,2026-09-28 16:44:22.431211+00,,,"[{""rpe"":""2"",""carico_kg"":0,""ripetizioni"":12},{""rpe"":""4"",""carico_kg"":5,""ripetizioni"":12},{""rpe"":""4.5"",""carico_kg"":5,""ripetizioni"":12}]","[""2"",""4"",""4.5""]"
131,2026-09-28 16:45:12.383937+00,tebog1887@gmail.com,057,Landmine Step Clean T&GO,,,2026-09-28 16:45:12.383937+00,,,"[{""rpe"":""4"",""carico_kg"":5,""ripetizioni"":12},{""rpe"":""5"",""carico_kg"":10,""ripetizioni"":12},{""rpe"":""5"",""carico_kg"":10,""ripetizioni"":12}]","[""4"",""5"",""5""]"
132,2026-09-28 16:46:11.123211+00,pierpaolaciancia@gmail.com,79,Bench press,,,2026-09-28 16:46:11.123211+00,,,"[{""rpe"":""8.5"",""carico_kg"":25,""ripetizioni"":8}]","[""8.5""]"
133,2026-09-28 16:46:20.633183+00,tebog1887@gmail.com,10,Run,,14.5 di media,2026-09-28 16:46:20.633183+00,,,"[{""rpe"":""7"",""carico_kg"":0,""ripetizioni"":1}]","[""7""]"
134,2026-09-28 16:46:58.675777+00,tebog1887@gmail.com,11,Air bike regular,,Ho forzato troppo il riscaldamento e poi non riuscivo ad alzarmi e mi brucia la gola,2026-09-28 16:46:58.675777+00,,,"[{""rpe"":""9.5"",""carico_kg"":0,""ripetizioni"":1}]","[""9.5""]"
135,2026-09-30 15:56:43.929069+00,tebog1887@gmail.com,045,Landmine rotational Lunges,,,2026-09-30 15:56:43.929069+00,,,"[{""rpe"":null,""carico_kg"":5,""ripetizioni"":8},{""rpe"":null,""carico_kg"":10,""ripetizioni"":8},{""rpe"":null,""carico_kg"":10,""ripetizioni"":8}]",
136,2026-09-30 16:22:38.294511+00,tebog1887@gmail.com,10,Run,,Molto stanco i muscoli delle gambe mo si contraevano e non sono riuscito a stare bene in piedi per un paio di minuti,2026-09-30 16:22:38.294511+00,,,"[{""rpe"":""8"",""carico_kg"":0,""ripetizioni"":1}]","[""8""]"
137,2026-10-02 12:21:03.096632+00,silvia.brenzini@gmail.com,079,Bench press,,,2026-10-02 12:21:03.096632+00,,,"[{""rpe"":null,""carico_kg"":3,""ripetizioni"":8}]",
